SucursalSocialNetworkId,SucursalId,SocialNetworkId,Url,CreatedAt
1,1,5,https://web.example.com/suc1,2024-03-16
2,2,4,https://linkedin.example.com/suc2,2025-06-27
3,2,3,https://x.example.com/suc2,2025-06-27
4,2,1,https://facebook.example.com/suc2,2025-06-27
5,3,4,https://linkedin.example.com/suc3,2026-01-08
6,3,1,https://facebook.example.com/suc3,2026-01-08
7,4,5,https://web.example.com/suc4,2025-03-13
8,4,1,https://facebook.example.com/suc4,2025-03-13
9,4,2,https://instagram.example.com/suc4,2025-03-13
10,5,1,https://facebook.example.com/suc5,2024-04-08
11,5,4,https://linkedin.example.com/suc5,2024-04-08
12,7,3,https://x.example.com/suc7,2024-08-17
13,7,5,https://web.example.com/suc7,2024-08-17
14,8,3,https://x.example.com/suc8,2026-02-24
15,9,5,https://web.example.com/suc9,2024-11-12
16,10,4,https://linkedin.example.com/suc10,2024-02-01
17,10,1,https://facebook.example.com/suc10,2024-02-01
18,11,4,https://linkedin.example.com/suc11,2025-08-04
19,12,1,https://facebook.example.com/suc12,2025-03-10
20,13,5,https://web.example.com/suc13,2025-11-25
21,13,1,https://facebook.example.com/suc13,2025-11-25
22,18,4,https://linkedin.example.com/suc18,2025-03-23
23,19,1,https://facebook.example.com/suc19,2024-08-14
24,20,3,https://x.example.com/suc20,2026-01-14
25,21,5,https://web.example.com/suc21,2024-03-18
26,21,1,https://facebook.example.com/suc21,2024-03-18
27,22,1,https://facebook.example.com/suc22,2025-10-12
28,22,3,https://x.example.com/suc22,2025-10-12
29,22,5,https://web.example.com/suc22,2025-10-12
30,24,1,https://facebook.example.com/suc24,2026-05-25
31,24,3,https://x.example.com/suc24,2026-05-25
32,24,2,https://instagram.example.com/suc24,2026-05-25
33,25,4,https://linkedin.example.com/suc25,2026-04-09
34,25,3,https://x.example.com/suc25,2026-04-09
35,26,2,https://instagram.example.com/suc26,2026-05-07
36,26,4,https://linkedin.example.com/suc26,2026-05-07
37,28,2,https://instagram.example.com/suc28,2025-10-24
38,29,4,https://linkedin.example.com/suc29,2025-09-09
39,29,5,https://web.example.com/suc29,2025-09-09
40,30,5,https://web.example.com/suc30,2025-02-05
41,30,2,https://instagram.example.com/suc30,2025-02-05
42,31,4,https://linkedin.example.com/suc31,2026-04-28
43,31,3,https://x.example.com/suc31,2026-04-28
44,32,4,https://linkedin.example.com/suc32,2025-05-12
45,33,3,https://x.example.com/suc33,2025-06-23
46,34,1,https://facebook.example.com/suc34,2024-06-18
47,34,3,https://x.example.com/suc34,2024-06-18
48,35,2,https://instagram.example.com/suc35,2026-02-05
49,35,5,https://web.example.com/suc35,2026-02-05
50,36,1,https://facebook.example.com/suc36,2025-11-25
51,36,4,https://linkedin.example.com/suc36,2025-11-25
52,39,4,https://linkedin.example.com/suc39,2024-08-15
53,40,1,https://facebook.example.com/suc40,2024-08-17
54,41,5,https://web.example.com/suc41,2026-04-29
55,42,5,https://web.example.com/suc42,2025-07-15
56,42,3,https://x.example.com/suc42,2025-07-15
57,43,3,https://x.example.com/suc43,2026-03-23
58,43,4,https://linkedin.example.com/suc43,2026-03-23
59,44,5,https://web.example.com/suc44,2024-09-04
60,44,1,https://facebook.example.com/suc44,2024-09-04
61,45,2,https://instagram.example.com/suc45,2025-06-20
62,45,3,https://x.example.com/suc45,2025-06-20
63,45,5,https://web.example.com/suc45,2025-06-20
64,46,5,https://web.example.com/suc46,2024-02-14
65,46,2,https://instagram.example.com/suc46,2024-02-14
66,46,4,https://linkedin.example.com/suc46,2024-02-14
67,47,3,https://x.example.com/suc47,2025-10-05
68,48,3,https://x.example.com/suc48,2025-12-02
69,49,5,https://web.example.com/suc49,2024-02-14
70,49,1,https://facebook.example.com/suc49,2024-02-14
71,49,4,https://linkedin.example.com/suc49,2024-02-14
72,50,1,https://facebook.example.com/suc50,2026-02-10
73,51,2,https://instagram.example.com/suc51,2025-03-23
74,51,1,https://facebook.example.com/suc51,2025-03-23
75,52,2,https://instagram.example.com/suc52,2025-06-15
76,52,3,https://x.example.com/suc52,2025-06-15
77,52,1,https://facebook.example.com/suc52,2025-06-15
78,53,5,https://web.example.com/suc53,2025-11-07
79,54,3,https://x.example.com/suc54,2026-06-09
80,56,3,https://x.example.com/suc56,2026-03-08
81,56,4,https://linkedin.example.com/suc56,2026-03-08
82,57,4,https://linkedin.example.com/suc57,2025-03-30
83,58,5,https://web.example.com/suc58,2026-01-23
84,58,3,https://x.example.com/suc58,2026-01-23
85,60,1,https://facebook.example.com/suc60,2024-03-30
86,62,4,https://linkedin.example.com/suc62,2024-01-27
87,63,2,https://instagram.example.com/suc63,2025-02-11
88,64,5,https://web.example.com/suc64,2024-03-16
89,65,5,https://web.example.com/suc65,2024-05-12
90,66,4,https://linkedin.example.com/suc66,2024-08-18
91,69,1,https://facebook.example.com/suc69,2025-08-08
92,70,1,https://facebook.example.com/suc70,2025-12-02
93,71,5,https://web.example.com/suc71,2025-09-13
94,71,3,https://x.example.com/suc71,2025-09-13
95,71,1,https://facebook.example.com/suc71,2025-09-13
96,74,5,https://web.example.com/suc74,2025-06-11
97,75,4,https://linkedin.example.com/suc75,2025-08-20
98,75,5,https://web.example.com/suc75,2025-08-20
99,76,2,https://instagram.example.com/suc76,2024-01-09
100,77,3,https://x.example.com/suc77,2025-08-06
101,77,4,https://linkedin.example.com/suc77,2025-08-06
102,78,2,https://instagram.example.com/suc78,2025-09-30
103,79,3,https://x.example.com/suc79,2024-07-22
104,80,3,https://x.example.com/suc80,2025-04-12
105,80,1,https://facebook.example.com/suc80,2025-04-12
106,82,5,https://web.example.com/suc82,2025-11-20
107,82,4,https://linkedin.example.com/suc82,2025-11-20
108,83,2,https://instagram.example.com/suc83,2025-11-02
109,83,5,https://web.example.com/suc83,2025-11-02
110,84,1,https://facebook.example.com/suc84,2026-05-11
111,85,3,https://x.example.com/suc85,2024-06-04
112,86,2,https://instagram.example.com/suc86,2025-12-23
113,86,1,https://facebook.example.com/suc86,2025-12-23
114,86,3,https://x.example.com/suc86,2025-12-23
115,87,3,https://x.example.com/suc87,2025-04-15
116,89,1,https://facebook.example.com/suc89,2025-05-06
117,89,2,https://instagram.example.com/suc89,2025-05-06
118,89,3,https://x.example.com/suc89,2025-05-06
119,90,1,https://facebook.example.com/suc90,2024-12-19
120,90,3,https://x.example.com/suc90,2024-12-19
121,91,5,https://web.example.com/suc91,2024-08-07
122,91,1,https://facebook.example.com/suc91,2024-08-07
123,91,2,https://instagram.example.com/suc91,2024-08-07
124,92,4,https://linkedin.example.com/suc92,2024-02-21
125,92,1,https://facebook.example.com/suc92,2024-02-21
126,92,5,https://web.example.com/suc92,2024-02-21
127,93,5,https://web.example.com/suc93,2026-02-28
128,93,3,https://x.example.com/suc93,2026-02-28
129,94,5,https://web.example.com/suc94,2024-10-21
130,94,2,https://instagram.example.com/suc94,2024-10-21
131,95,1,https://facebook.example.com/suc95,2024-02-08
132,95,5,https://web.example.com/suc95,2024-02-08
133,96,3,https://x.example.com/suc96,2024-10-23
134,97,3,https://x.example.com/suc97,2025-05-20
135,98,3,https://x.example.com/suc98,2026-01-05
136,98,4,https://linkedin.example.com/suc98,2026-01-05
137,98,2,https://instagram.example.com/suc98,2026-01-05
138,99,1,https://facebook.example.com/suc99,2025-02-19
139,100,3,https://x.example.com/suc100,2024-09-11
140,100,5,https://web.example.com/suc100,2024-09-11
141,101,5,https://web.example.com/suc101,2024-01-12
142,101,4,https://linkedin.example.com/suc101,2024-01-12
143,101,1,https://facebook.example.com/suc101,2024-01-12
144,102,5,https://web.example.com/suc102,2026-06-28
145,103,1,https://facebook.example.com/suc103,2025-04-10
146,103,2,https://instagram.example.com/suc103,2025-04-10
147,104,2,https://instagram.example.com/suc104,2026-02-19
148,104,5,https://web.example.com/suc104,2026-02-19
149,104,4,https://linkedin.example.com/suc104,2026-02-19
150,105,2,https://instagram.example.com/suc105,2026-04-28
151,106,4,https://linkedin.example.com/suc106,2025-08-20
152,106,3,https://x.example.com/suc106,2025-08-20
153,107,1,https://facebook.example.com/suc107,2025-07-26
154,108,4,https://linkedin.example.com/suc108,2024-12-18
155,109,3,https://x.example.com/suc109,2026-01-16
156,109,4,https://linkedin.example.com/suc109,2026-01-16
157,110,5,https://web.example.com/suc110,2025-11-08
158,110,2,https://instagram.example.com/suc110,2025-11-08
159,110,4,https://linkedin.example.com/suc110,2025-11-08
160,111,3,https://x.example.com/suc111,2024-08-16
161,111,5,https://web.example.com/suc111,2024-08-16
162,111,2,https://instagram.example.com/suc111,2024-08-16
163,112,3,https://x.example.com/suc112,2025-04-16
164,112,5,https://web.example.com/suc112,2025-04-16
165,113,5,https://web.example.com/suc113,2026-06-23
166,114,3,https://x.example.com/suc114,2024-09-07
167,114,1,https://facebook.example.com/suc114,2024-09-07
168,115,4,https://linkedin.example.com/suc115,2024-10-23
169,116,3,https://x.example.com/suc116,2025-11-07
170,116,5,https://web.example.com/suc116,2025-11-07
171,119,2,https://instagram.example.com/suc119,2026-04-05
172,119,4,https://linkedin.example.com/suc119,2026-04-05
173,119,3,https://x.example.com/suc119,2026-04-05
174,120,3,https://x.example.com/suc120,2024-03-21
175,121,2,https://instagram.example.com/suc121,2024-02-10
176,121,3,https://x.example.com/suc121,2024-02-10
177,122,1,https://facebook.example.com/suc122,2024-07-13
178,123,1,https://facebook.example.com/suc123,2024-10-16
179,123,4,https://linkedin.example.com/suc123,2024-10-16
180,125,5,https://web.example.com/suc125,2024-09-24
181,126,4,https://linkedin.example.com/suc126,2025-07-17
182,127,4,https://linkedin.example.com/suc127,2026-01-20
183,128,1,https://facebook.example.com/suc128,2024-03-01
184,130,3,https://x.example.com/suc130,2025-05-09
185,131,5,https://web.example.com/suc131,2024-01-18
186,131,2,https://instagram.example.com/suc131,2024-01-18
187,132,3,https://x.example.com/suc132,2026-03-25
188,132,2,https://instagram.example.com/suc132,2026-03-25
189,132,5,https://web.example.com/suc132,2026-03-25
190,133,5,https://web.example.com/suc133,2026-05-18
191,134,3,https://x.example.com/suc134,2024-03-25
192,134,2,https://instagram.example.com/suc134,2024-03-25
193,134,1,https://facebook.example.com/suc134,2024-03-25
194,135,3,https://x.example.com/suc135,2026-06-07
195,136,4,https://linkedin.example.com/suc136,2025-11-04
196,137,1,https://facebook.example.com/suc137,2024-03-19
197,138,3,https://x.example.com/suc138,2026-01-27
198,138,5,https://web.example.com/suc138,2026-01-27
199,138,1,https://facebook.example.com/suc138,2026-01-27
200,139,3,https://x.example.com/suc139,2026-02-26
201,139,2,https://instagram.example.com/suc139,2026-02-26
202,140,2,https://instagram.example.com/suc140,2024-12-30
203,140,3,https://x.example.com/suc140,2024-12-30
204,141,5,https://web.example.com/suc141,2025-12-31
205,142,3,https://x.example.com/suc142,2024-04-19
206,144,4,https://linkedin.example.com/suc144,2026-06-03
207,144,2,https://instagram.example.com/suc144,2026-06-03
208,145,4,https://linkedin.example.com/suc145,2024-09-05
209,147,3,https://x.example.com/suc147,2025-09-23
210,147,5,https://web.example.com/suc147,2025-09-23
211,148,4,https://linkedin.example.com/suc148,2026-06-01
212,149,4,https://linkedin.example.com/suc149,2025-09-09
213,150,5,https://web.example.com/suc150,2025-08-12
214,152,1,https://facebook.example.com/suc152,2024-03-11
215,152,2,https://instagram.example.com/suc152,2024-03-11
216,153,3,https://x.example.com/suc153,2025-01-21
217,153,2,https://instagram.example.com/suc153,2025-01-21
218,154,3,https://x.example.com/suc154,2024-02-07
219,154,2,https://instagram.example.com/suc154,2024-02-07
220,155,5,https://web.example.com/suc155,2024-06-19
221,155,3,https://x.example.com/suc155,2024-06-19
222,157,2,https://instagram.example.com/suc157,2024-12-19
223,157,4,https://linkedin.example.com/suc157,2024-12-19
224,158,4,https://linkedin.example.com/suc158,2024-12-22
225,158,5,https://web.example.com/suc158,2024-12-22
226,159,1,https://facebook.example.com/suc159,2025-04-08
227,159,5,https://web.example.com/suc159,2025-04-08
228,160,1,https://facebook.example.com/suc160,2026-03-30
229,161,1,https://facebook.example.com/suc161,2025-02-18
230,162,5,https://web.example.com/suc162,2025-08-29
231,162,4,https://linkedin.example.com/suc162,2025-08-29
232,163,1,https://facebook.example.com/suc163,2024-04-14
233,163,5,https://web.example.com/suc163,2024-04-14
234,164,5,https://web.example.com/suc164,2025-10-16
235,164,1,https://facebook.example.com/suc164,2025-10-16
236,165,5,https://web.example.com/suc165,2026-04-13
237,165,2,https://instagram.example.com/suc165,2026-04-13
238,166,4,https://linkedin.example.com/suc166,2024-05-24
239,166,2,https://instagram.example.com/suc166,2024-05-24
240,167,2,https://instagram.example.com/suc167,2025-10-22
241,168,3,https://x.example.com/suc168,2025-01-02
242,169,1,https://facebook.example.com/suc169,2025-05-18
243,169,4,https://linkedin.example.com/suc169,2025-05-18
244,170,2,https://instagram.example.com/suc170,2024-08-18
245,170,1,https://facebook.example.com/suc170,2024-08-18
246,172,1,https://facebook.example.com/suc172,2024-08-11
247,173,2,https://instagram.example.com/suc173,2024-04-30
248,173,5,https://web.example.com/suc173,2024-04-30
249,176,4,https://linkedin.example.com/suc176,2024-05-09
250,176,1,https://facebook.example.com/suc176,2024-05-09
251,177,3,https://x.example.com/suc177,2024-05-25
252,177,4,https://linkedin.example.com/suc177,2024-05-25
253,177,2,https://instagram.example.com/suc177,2024-05-25
254,178,2,https://instagram.example.com/suc178,2026-02-06
255,178,3,https://x.example.com/suc178,2026-02-06
256,178,4,https://linkedin.example.com/suc178,2026-02-06
257,179,5,https://web.example.com/suc179,2025-04-14
258,179,1,https://facebook.example.com/suc179,2025-04-14
259,180,1,https://facebook.example.com/suc180,2024-11-26
260,181,2,https://instagram.example.com/suc181,2024-02-19
261,182,5,https://web.example.com/suc182,2025-03-14
262,183,4,https://linkedin.example.com/suc183,2024-02-23
263,184,1,https://facebook.example.com/suc184,2025-08-30
264,185,4,https://linkedin.example.com/suc185,2024-05-15
265,185,3,https://x.example.com/suc185,2024-05-15
266,185,5,https://web.example.com/suc185,2024-05-15
267,186,4,https://linkedin.example.com/suc186,2024-05-20
268,187,1,https://facebook.example.com/suc187,2026-02-05
269,187,4,https://linkedin.example.com/suc187,2026-02-05
270,188,4,https://linkedin.example.com/suc188,2025-01-28
271,189,3,https://x.example.com/suc189,2026-01-08
272,190,5,https://web.example.com/suc190,2026-02-04
273,191,5,https://web.example.com/suc191,2025-08-31
274,192,5,https://web.example.com/suc192,2025-11-30
275,193,3,https://x.example.com/suc193,2026-03-19
276,194,4,https://linkedin.example.com/suc194,2025-07-03
277,194,5,https://web.example.com/suc194,2025-07-03
278,194,2,https://instagram.example.com/suc194,2025-07-03
279,196,5,https://web.example.com/suc196,2025-03-20
280,197,5,https://web.example.com/suc197,2025-12-19
281,197,2,https://instagram.example.com/suc197,2025-12-19
282,197,4,https://linkedin.example.com/suc197,2025-12-19
283,198,5,https://web.example.com/suc198,2026-02-06
284,198,4,https://linkedin.example.com/suc198,2026-02-06
285,198,3,https://x.example.com/suc198,2026-02-06
286,200,3,https://x.example.com/suc200,2025-08-10
287,200,5,https://web.example.com/suc200,2025-08-10
288,201,2,https://instagram.example.com/suc201,2024-06-02
289,202,3,https://x.example.com/suc202,2025-08-08
290,203,1,https://facebook.example.com/suc203,2024-03-11
291,203,4,https://linkedin.example.com/suc203,2024-03-11
292,203,2,https://instagram.example.com/suc203,2024-03-11
293,204,5,https://web.example.com/suc204,2025-09-29
294,204,2,https://instagram.example.com/suc204,2025-09-29
295,204,3,https://x.example.com/suc204,2025-09-29
296,205,5,https://web.example.com/suc205,2026-03-26
297,205,3,https://x.example.com/suc205,2026-03-26
298,206,3,https://x.example.com/suc206,2024-12-09
299,207,5,https://web.example.com/suc207,2024-05-25
300,207,3,https://x.example.com/suc207,2024-05-25
301,208,4,https://linkedin.example.com/suc208,2026-02-04
302,208,1,https://facebook.example.com/suc208,2026-02-04
303,210,2,https://instagram.example.com/suc210,2024-11-21
304,210,5,https://web.example.com/suc210,2024-11-21
305,210,1,https://facebook.example.com/suc210,2024-11-21
306,211,4,https://linkedin.example.com/suc211,2025-04-05
307,211,5,https://web.example.com/suc211,2025-04-05
308,212,2,https://instagram.example.com/suc212,2026-05-22
309,213,2,https://instagram.example.com/suc213,2026-05-27
310,213,1,https://facebook.example.com/suc213,2026-05-27
311,213,4,https://linkedin.example.com/suc213,2026-05-27
312,214,4,https://linkedin.example.com/suc214,2026-04-19
313,214,5,https://web.example.com/suc214,2026-04-19
314,215,1,https://facebook.example.com/suc215,2026-03-23
315,215,3,https://x.example.com/suc215,2026-03-23
316,215,5,https://web.example.com/suc215,2026-03-23
317,217,4,https://linkedin.example.com/suc217,2024-05-11
318,217,3,https://x.example.com/suc217,2024-05-11
319,218,1,https://facebook.example.com/suc218,2025-05-23
320,218,2,https://instagram.example.com/suc218,2025-05-23
321,219,4,https://linkedin.example.com/suc219,2024-02-05
322,220,5,https://web.example.com/suc220,2025-10-20
323,221,2,https://instagram.example.com/suc221,2025-05-06
324,221,3,https://x.example.com/suc221,2025-05-06
325,222,3,https://x.example.com/suc222,2024-01-31
326,223,2,https://instagram.example.com/suc223,2024-04-12
327,224,5,https://web.example.com/suc224,2026-03-27
328,225,2,https://instagram.example.com/suc225,2024-01-29
329,225,1,https://facebook.example.com/suc225,2024-01-29
330,226,1,https://facebook.example.com/suc226,2024-02-08
331,226,2,https://instagram.example.com/suc226,2024-02-08
332,228,1,https://facebook.example.com/suc228,2024-05-25
333,229,4,https://linkedin.example.com/suc229,2024-11-26
334,230,1,https://facebook.example.com/suc230,2025-12-11
335,230,3,https://x.example.com/suc230,2025-12-11
336,231,5,https://web.example.com/suc231,2024-01-02
337,232,2,https://instagram.example.com/suc232,2025-09-18
338,233,4,https://linkedin.example.com/suc233,2024-03-31
339,233,3,https://x.example.com/suc233,2024-03-31
340,234,5,https://web.example.com/suc234,2026-01-07
341,235,1,https://facebook.example.com/suc235,2024-12-25
342,235,4,https://linkedin.example.com/suc235,2024-12-25
343,235,2,https://instagram.example.com/suc235,2024-12-25
344,236,1,https://facebook.example.com/suc236,2024-10-28
345,236,5,https://web.example.com/suc236,2024-10-28
346,237,5,https://web.example.com/suc237,2024-04-05
347,238,1,https://facebook.example.com/suc238,2024-02-24
348,239,1,https://facebook.example.com/suc239,2024-10-15
349,240,3,https://x.example.com/suc240,2025-03-13
350,240,1,https://facebook.example.com/suc240,2025-03-13
351,241,3,https://x.example.com/suc241,2026-05-14
352,242,3,https://x.example.com/suc242,2025-01-14
353,242,4,https://linkedin.example.com/suc242,2025-01-14
354,242,5,https://web.example.com/suc242,2025-01-14
355,243,2,https://instagram.example.com/suc243,2024-03-04
356,244,1,https://facebook.example.com/suc244,2024-03-03
357,244,2,https://instagram.example.com/suc244,2024-03-03
358,244,3,https://x.example.com/suc244,2024-03-03
359,245,5,https://web.example.com/suc245,2024-03-21
360,245,3,https://x.example.com/suc245,2024-03-21
361,245,2,https://instagram.example.com/suc245,2024-03-21
362,246,5,https://web.example.com/suc246,2026-02-14
363,246,1,https://facebook.example.com/suc246,2026-02-14
364,247,3,https://x.example.com/suc247,2024-07-25
365,247,1,https://facebook.example.com/suc247,2024-07-25
366,249,2,https://instagram.example.com/suc249,2025-02-28
367,250,1,https://facebook.example.com/suc250,2026-06-17
368,251,5,https://web.example.com/suc251,2025-11-28
369,252,3,https://x.example.com/suc252,2025-01-16
370,252,1,https://facebook.example.com/suc252,2025-01-16
371,253,1,https://facebook.example.com/suc253,2024-08-21
372,254,5,https://web.example.com/suc254,2026-04-23
373,254,1,https://facebook.example.com/suc254,2026-04-23
374,255,1,https://facebook.example.com/suc255,2025-06-02
375,256,5,https://web.example.com/suc256,2024-02-03
376,256,1,https://facebook.example.com/suc256,2024-02-03
377,256,3,https://x.example.com/suc256,2024-02-03
378,257,2,https://instagram.example.com/suc257,2024-05-06
379,258,1,https://facebook.example.com/suc258,2024-12-24
380,260,2,https://instagram.example.com/suc260,2026-02-24
381,261,4,https://linkedin.example.com/suc261,2024-11-08
382,261,5,https://web.example.com/suc261,2024-11-08
383,262,2,https://instagram.example.com/suc262,2025-09-30
384,265,2,https://instagram.example.com/suc265,2025-09-06
385,265,4,https://linkedin.example.com/suc265,2025-09-06
386,266,1,https://facebook.example.com/suc266,2025-02-01
387,266,4,https://linkedin.example.com/suc266,2025-02-01
388,268,2,https://instagram.example.com/suc268,2024-05-11
389,268,4,https://linkedin.example.com/suc268,2024-05-11
390,269,5,https://web.example.com/suc269,2025-03-06
391,269,2,https://instagram.example.com/suc269,2025-03-06
392,272,3,https://x.example.com/suc272,2026-06-02
393,272,5,https://web.example.com/suc272,2026-06-02
394,273,4,https://linkedin.example.com/suc273,2024-10-07
395,274,2,https://instagram.example.com/suc274,2025-02-17
396,274,5,https://web.example.com/suc274,2025-02-17
397,274,1,https://facebook.example.com/suc274,2025-02-17
398,275,2,https://instagram.example.com/suc275,2026-02-14
399,275,4,https://linkedin.example.com/suc275,2026-02-14
400,276,5,https://web.example.com/suc276,2025-01-27
401,276,1,https://facebook.example.com/suc276,2025-01-27
402,277,1,https://facebook.example.com/suc277,2025-09-02
403,277,2,https://instagram.example.com/suc277,2025-09-02
404,277,5,https://web.example.com/suc277,2025-09-02
405,279,2,https://instagram.example.com/suc279,2024-05-06
406,280,3,https://x.example.com/suc280,2025-11-08
407,281,2,https://instagram.example.com/suc281,2025-12-12
408,282,2,https://instagram.example.com/suc282,2025-03-04
409,282,4,https://linkedin.example.com/suc282,2025-03-04
410,282,5,https://web.example.com/suc282,2025-03-04
411,283,1,https://facebook.example.com/suc283,2024-07-23
412,283,5,https://web.example.com/suc283,2024-07-23
413,284,5,https://web.example.com/suc284,2025-12-05
414,285,3,https://x.example.com/suc285,2024-04-02
415,286,2,https://instagram.example.com/suc286,2024-10-30
416,286,4,https://linkedin.example.com/suc286,2024-10-30
417,286,3,https://x.example.com/suc286,2024-10-30
418,287,3,https://x.example.com/suc287,2026-01-26
419,288,3,https://x.example.com/suc288,2025-09-28
420,288,2,https://instagram.example.com/suc288,2025-09-28
421,289,3,https://x.example.com/suc289,2026-05-21
422,289,5,https://web.example.com/suc289,2026-05-21
423,290,5,https://web.example.com/suc290,2025-03-02
424,290,1,https://facebook.example.com/suc290,2025-03-02
425,292,5,https://web.example.com/suc292,2024-01-13
426,292,4,https://linkedin.example.com/suc292,2024-01-13
427,292,2,https://instagram.example.com/suc292,2024-01-13
428,294,5,https://web.example.com/suc294,2025-09-19
429,294,2,https://instagram.example.com/suc294,2025-09-19
430,294,4,https://linkedin.example.com/suc294,2025-09-19
431,295,2,https://instagram.example.com/suc295,2024-12-04
432,295,1,https://facebook.example.com/suc295,2024-12-04
433,296,2,https://instagram.example.com/suc296,2026-03-31
434,298,4,https://linkedin.example.com/suc298,2024-11-07
435,299,4,https://linkedin.example.com/suc299,2026-05-14
436,299,1,https://facebook.example.com/suc299,2026-05-14
437,301,3,https://x.example.com/suc301,2026-04-21
438,301,5,https://web.example.com/suc301,2026-04-21
439,302,3,https://x.example.com/suc302,2026-03-11
440,302,1,https://facebook.example.com/suc302,2026-03-11
441,304,4,https://linkedin.example.com/suc304,2025-08-22
442,304,5,https://web.example.com/suc304,2025-08-22
443,304,1,https://facebook.example.com/suc304,2025-08-22
444,305,4,https://linkedin.example.com/suc305,2025-09-12
445,305,5,https://web.example.com/suc305,2025-09-12
446,305,1,https://facebook.example.com/suc305,2025-09-12
447,306,4,https://linkedin.example.com/suc306,2024-10-28
448,307,4,https://linkedin.example.com/suc307,2025-12-29
449,308,3,https://x.example.com/suc308,2025-12-28
450,308,1,https://facebook.example.com/suc308,2025-12-28
451,309,3,https://x.example.com/suc309,2025-08-19
452,309,1,https://facebook.example.com/suc309,2025-08-19
453,310,3,https://x.example.com/suc310,2024-02-24
454,310,5,https://web.example.com/suc310,2024-02-24
455,310,4,https://linkedin.example.com/suc310,2024-02-24
456,311,1,https://facebook.example.com/suc311,2024-03-04
457,312,5,https://web.example.com/suc312,2026-01-27
458,313,4,https://linkedin.example.com/suc313,2025-01-25
459,314,1,https://facebook.example.com/suc314,2026-06-10
460,314,5,https://web.example.com/suc314,2026-06-10
461,315,3,https://x.example.com/suc315,2024-10-28
462,315,4,https://linkedin.example.com/suc315,2024-10-28
463,316,5,https://web.example.com/suc316,2024-06-13
464,317,3,https://x.example.com/suc317,2024-02-22
465,317,2,https://instagram.example.com/suc317,2024-02-22
466,318,4,https://linkedin.example.com/suc318,2024-07-07
467,318,2,https://instagram.example.com/suc318,2024-07-07
468,318,1,https://facebook.example.com/suc318,2024-07-07
469,319,3,https://x.example.com/suc319,2025-11-10
470,319,5,https://web.example.com/suc319,2025-11-10
471,319,1,https://facebook.example.com/suc319,2025-11-10
472,320,5,https://web.example.com/suc320,2025-10-26
473,320,3,https://x.example.com/suc320,2025-10-26
474,320,2,https://instagram.example.com/suc320,2025-10-26
475,321,1,https://facebook.example.com/suc321,2025-11-29
476,321,3,https://x.example.com/suc321,2025-11-29
477,322,3,https://x.example.com/suc322,2026-04-02
478,323,5,https://web.example.com/suc323,2024-06-20
479,323,1,https://facebook.example.com/suc323,2024-06-20
480,324,5,https://web.example.com/suc324,2024-07-29
481,325,3,https://x.example.com/suc325,2024-02-25
482,325,2,https://instagram.example.com/suc325,2024-02-25
483,326,1,https://facebook.example.com/suc326,2025-03-19
484,327,4,https://linkedin.example.com/suc327,2025-08-22
485,329,5,https://web.example.com/suc329,2025-07-12
486,330,1,https://facebook.example.com/suc330,2026-06-14
487,331,1,https://facebook.example.com/suc331,2026-02-05
488,331,3,https://x.example.com/suc331,2026-02-05
489,332,5,https://web.example.com/suc332,2024-07-17
490,332,3,https://x.example.com/suc332,2024-07-17
491,332,1,https://facebook.example.com/suc332,2024-07-17
492,333,3,https://x.example.com/suc333,2024-10-24
493,334,3,https://x.example.com/suc334,2024-08-28
494,334,5,https://web.example.com/suc334,2024-08-28
495,335,2,https://instagram.example.com/suc335,2024-06-05
496,335,5,https://web.example.com/suc335,2024-06-05
497,335,3,https://x.example.com/suc335,2024-06-05
498,336,5,https://web.example.com/suc336,2025-12-30
499,337,2,https://instagram.example.com/suc337,2025-01-02
500,337,1,https://facebook.example.com/suc337,2025-01-02
501,338,2,https://instagram.example.com/suc338,2025-07-05
502,338,4,https://linkedin.example.com/suc338,2025-07-05
503,339,1,https://facebook.example.com/suc339,2025-08-15
504,339,2,https://instagram.example.com/suc339,2025-08-15
505,341,3,https://x.example.com/suc341,2025-02-10
506,341,5,https://web.example.com/suc341,2025-02-10
507,343,3,https://x.example.com/suc343,2025-05-10
508,343,1,https://facebook.example.com/suc343,2025-05-10
509,344,3,https://x.example.com/suc344,2025-06-14
510,344,1,https://facebook.example.com/suc344,2025-06-14
511,346,5,https://web.example.com/suc346,2024-09-14
512,348,5,https://web.example.com/suc348,2026-01-04
513,349,4,https://linkedin.example.com/suc349,2024-06-14
514,351,3,https://x.example.com/suc351,2026-06-18
515,352,3,https://x.example.com/suc352,2025-02-24
516,353,3,https://x.example.com/suc353,2025-09-02
517,353,5,https://web.example.com/suc353,2025-09-02
518,354,3,https://x.example.com/suc354,2024-06-02
519,354,4,https://linkedin.example.com/suc354,2024-06-02
520,354,2,https://instagram.example.com/suc354,2024-06-02
521,355,2,https://instagram.example.com/suc355,2024-04-05
522,355,3,https://x.example.com/suc355,2024-04-05
523,357,5,https://web.example.com/suc357,2026-02-18
524,357,1,https://facebook.example.com/suc357,2026-02-18
525,357,4,https://linkedin.example.com/suc357,2026-02-18
526,358,3,https://x.example.com/suc358,2025-07-10
527,358,5,https://web.example.com/suc358,2025-07-10
528,359,4,https://linkedin.example.com/suc359,2025-01-19
529,359,1,https://facebook.example.com/suc359,2025-01-19
530,359,3,https://x.example.com/suc359,2025-01-19
531,360,4,https://linkedin.example.com/suc360,2025-03-09
532,360,1,https://facebook.example.com/suc360,2025-03-09
533,361,2,https://instagram.example.com/suc361,2025-01-14
534,361,4,https://linkedin.example.com/suc361,2025-01-14
535,361,3,https://x.example.com/suc361,2025-01-14
536,362,5,https://web.example.com/suc362,2024-05-01
537,362,1,https://facebook.example.com/suc362,2024-05-01
538,363,5,https://web.example.com/suc363,2026-03-31
539,363,4,https://linkedin.example.com/suc363,2026-03-31
540,364,2,https://instagram.example.com/suc364,2025-03-21
541,365,3,https://x.example.com/suc365,2025-06-17
542,365,2,https://instagram.example.com/suc365,2025-06-17
543,366,3,https://x.example.com/suc366,2026-04-03
544,367,3,https://x.example.com/suc367,2024-02-06
545,368,1,https://facebook.example.com/suc368,2025-08-23
546,368,2,https://instagram.example.com/suc368,2025-08-23
547,369,4,https://linkedin.example.com/suc369,2025-08-19
548,370,3,https://x.example.com/suc370,2024-06-28
549,371,1,https://facebook.example.com/suc371,2024-09-20
550,371,3,https://x.example.com/suc371,2024-09-20
551,372,5,https://web.example.com/suc372,2026-03-05
552,372,2,https://instagram.example.com/suc372,2026-03-05
553,373,4,https://linkedin.example.com/suc373,2025-12-19
554,374,2,https://instagram.example.com/suc374,2025-02-12
555,375,2,https://instagram.example.com/suc375,2026-02-03
556,375,4,https://linkedin.example.com/suc375,2026-02-03
557,375,3,https://x.example.com/suc375,2026-02-03
558,376,2,https://instagram.example.com/suc376,2026-05-06
559,376,3,https://x.example.com/suc376,2026-05-06
560,377,3,https://x.example.com/suc377,2024-01-07
561,377,5,https://web.example.com/suc377,2024-01-07
562,379,5,https://web.example.com/suc379,2025-05-04
563,380,5,https://web.example.com/suc380,2025-06-14
564,380,4,https://linkedin.example.com/suc380,2025-06-14
565,380,3,https://x.example.com/suc380,2025-06-14
566,381,2,https://instagram.example.com/suc381,2024-09-22
567,381,5,https://web.example.com/suc381,2024-09-22
568,381,4,https://linkedin.example.com/suc381,2024-09-22
569,383,3,https://x.example.com/suc383,2024-08-22
570,384,4,https://linkedin.example.com/suc384,2025-04-29
571,384,1,https://facebook.example.com/suc384,2025-04-29
572,385,1,https://facebook.example.com/suc385,2024-11-19
573,386,1,https://facebook.example.com/suc386,2024-09-17
574,386,2,https://instagram.example.com/suc386,2024-09-17
575,387,2,https://instagram.example.com/suc387,2024-12-18
576,387,4,https://linkedin.example.com/suc387,2024-12-18
577,387,5,https://web.example.com/suc387,2024-12-18
578,388,4,https://linkedin.example.com/suc388,2024-06-27
579,389,2,https://instagram.example.com/suc389,2024-10-20
580,389,3,https://x.example.com/suc389,2024-10-20
581,391,3,https://x.example.com/suc391,2024-10-04
582,391,1,https://facebook.example.com/suc391,2024-10-04
583,391,5,https://web.example.com/suc391,2024-10-04
584,393,3,https://x.example.com/suc393,2026-02-28
585,393,4,https://linkedin.example.com/suc393,2026-02-28
586,394,4,https://linkedin.example.com/suc394,2024-08-22
587,394,5,https://web.example.com/suc394,2024-08-22
588,394,2,https://instagram.example.com/suc394,2024-08-22
589,395,2,https://instagram.example.com/suc395,2026-05-31
590,395,5,https://web.example.com/suc395,2026-05-31
591,396,5,https://web.example.com/suc396,2025-07-06
592,396,1,https://facebook.example.com/suc396,2025-07-06
593,397,1,https://facebook.example.com/suc397,2024-12-21
594,398,3,https://x.example.com/suc398,2024-01-01
595,398,4,https://linkedin.example.com/suc398,2024-01-01
596,399,4,https://linkedin.example.com/suc399,2024-11-02
597,400,5,https://web.example.com/suc400,2025-03-23
598,401,1,https://facebook.example.com/suc401,2025-06-13
599,402,4,https://linkedin.example.com/suc402,2024-05-19
600,403,5,https://web.example.com/suc403,2024-02-20
601,404,5,https://web.example.com/suc404,2024-06-03
602,404,4,https://linkedin.example.com/suc404,2024-06-03
603,405,4,https://linkedin.example.com/suc405,2026-03-21
604,406,2,https://instagram.example.com/suc406,2025-04-26
605,407,1,https://facebook.example.com/suc407,2026-02-28
606,407,2,https://instagram.example.com/suc407,2026-02-28
607,407,4,https://linkedin.example.com/suc407,2026-02-28
608,408,5,https://web.example.com/suc408,2025-02-02
609,408,3,https://x.example.com/suc408,2025-02-02
610,410,1,https://facebook.example.com/suc410,2024-06-20
611,411,4,https://linkedin.example.com/suc411,2025-12-05
612,412,2,https://instagram.example.com/suc412,2026-02-16
613,413,3,https://x.example.com/suc413,2025-07-25
614,414,1,https://facebook.example.com/suc414,2024-02-10
615,414,2,https://instagram.example.com/suc414,2024-02-10
616,414,3,https://x.example.com/suc414,2024-02-10
617,415,1,https://facebook.example.com/suc415,2025-04-24
618,416,5,https://web.example.com/suc416,2024-01-01
619,417,1,https://facebook.example.com/suc417,2024-11-24
620,417,5,https://web.example.com/suc417,2024-11-24
621,418,5,https://web.example.com/suc418,2025-02-23
622,418,2,https://instagram.example.com/suc418,2025-02-23
623,418,1,https://facebook.example.com/suc418,2025-02-23
624,419,1,https://facebook.example.com/suc419,2024-02-02
625,420,3,https://x.example.com/suc420,2025-09-30
626,421,5,https://web.example.com/suc421,2026-06-30
627,421,4,https://linkedin.example.com/suc421,2026-06-30
628,421,3,https://x.example.com/suc421,2026-06-30
629,422,2,https://instagram.example.com/suc422,2024-02-29
630,423,3,https://x.example.com/suc423,2024-04-09
631,423,1,https://facebook.example.com/suc423,2024-04-09
632,424,1,https://facebook.example.com/suc424,2025-07-25
633,424,4,https://linkedin.example.com/suc424,2025-07-25
634,425,4,https://linkedin.example.com/suc425,2025-07-17
635,425,3,https://x.example.com/suc425,2025-07-17
636,425,1,https://facebook.example.com/suc425,2025-07-17
637,426,3,https://x.example.com/suc426,2025-07-17
638,426,1,https://facebook.example.com/suc426,2025-07-17
639,426,2,https://instagram.example.com/suc426,2025-07-17
640,427,2,https://instagram.example.com/suc427,2026-02-23
641,427,1,https://facebook.example.com/suc427,2026-02-23
642,428,5,https://web.example.com/suc428,2024-05-18
643,429,4,https://linkedin.example.com/suc429,2024-10-09
644,430,5,https://web.example.com/suc430,2024-09-12
645,430,1,https://facebook.example.com/suc430,2024-09-12
646,431,3,https://x.example.com/suc431,2024-06-26
647,431,1,https://facebook.example.com/suc431,2024-06-26
648,432,5,https://web.example.com/suc432,2024-02-27
649,433,5,https://web.example.com/suc433,2025-10-30
650,434,1,https://facebook.example.com/suc434,2025-08-01
651,434,5,https://web.example.com/suc434,2025-08-01
652,435,5,https://web.example.com/suc435,2026-02-09
653,436,2,https://instagram.example.com/suc436,2025-07-15
654,437,3,https://x.example.com/suc437,2024-07-21
655,437,4,https://linkedin.example.com/suc437,2024-07-21
656,438,2,https://instagram.example.com/suc438,2025-03-16
657,439,3,https://x.example.com/suc439,2025-11-02
658,439,2,https://instagram.example.com/suc439,2025-11-02
659,440,1,https://facebook.example.com/suc440,2026-04-17
660,441,2,https://instagram.example.com/suc441,2025-09-27
661,441,1,https://facebook.example.com/suc441,2025-09-27
662,441,5,https://web.example.com/suc441,2025-09-27
663,443,2,https://instagram.example.com/suc443,2025-12-12
664,443,5,https://web.example.com/suc443,2025-12-12
665,445,5,https://web.example.com/suc445,2024-04-20
666,445,4,https://linkedin.example.com/suc445,2024-04-20
667,446,2,https://instagram.example.com/suc446,2025-09-03
668,446,3,https://x.example.com/suc446,2025-09-03
669,447,2,https://instagram.example.com/suc447,2025-06-26
670,448,2,https://instagram.example.com/suc448,2024-08-29
671,448,3,https://x.example.com/suc448,2024-08-29
672,448,4,https://linkedin.example.com/suc448,2024-08-29
673,449,4,https://linkedin.example.com/suc449,2025-07-22
674,450,5,https://web.example.com/suc450,2025-09-19
675,450,4,https://linkedin.example.com/suc450,2025-09-19
676,451,2,https://instagram.example.com/suc451,2025-10-30
677,453,3,https://x.example.com/suc453,2026-01-14
678,453,4,https://linkedin.example.com/suc453,2026-01-14
679,453,2,https://instagram.example.com/suc453,2026-01-14
680,454,4,https://linkedin.example.com/suc454,2024-10-07
681,456,3,https://x.example.com/suc456,2025-12-30
682,457,3,https://x.example.com/suc457,2026-02-21
683,457,4,https://linkedin.example.com/suc457,2026-02-21
684,458,4,https://linkedin.example.com/suc458,2025-03-25
685,458,5,https://web.example.com/suc458,2025-03-25
686,459,2,https://instagram.example.com/suc459,2026-04-24
687,459,1,https://facebook.example.com/suc459,2026-04-24
688,460,5,https://web.example.com/suc460,2024-02-09
689,461,4,https://linkedin.example.com/suc461,2026-01-22
690,463,3,https://x.example.com/suc463,2026-04-29
691,463,5,https://web.example.com/suc463,2026-04-29
692,464,4,https://linkedin.example.com/suc464,2024-05-18
693,465,3,https://x.example.com/suc465,2025-04-10
694,466,3,https://x.example.com/suc466,2024-04-26
695,466,4,https://linkedin.example.com/suc466,2024-04-26
696,466,5,https://web.example.com/suc466,2024-04-26
697,467,1,https://facebook.example.com/suc467,2024-06-12
698,468,4,https://linkedin.example.com/suc468,2024-06-15
699,469,2,https://instagram.example.com/suc469,2024-04-30
700,470,1,https://facebook.example.com/suc470,2024-01-06
701,470,3,https://x.example.com/suc470,2024-01-06
702,471,5,https://web.example.com/suc471,2024-01-07
703,473,4,https://linkedin.example.com/suc473,2024-02-20
704,473,1,https://facebook.example.com/suc473,2024-02-20
705,474,3,https://x.example.com/suc474,2025-04-11
706,474,5,https://web.example.com/suc474,2025-04-11
707,475,5,https://web.example.com/suc475,2026-02-15
708,475,1,https://facebook.example.com/suc475,2026-02-15
709,476,5,https://web.example.com/suc476,2025-06-21
710,476,2,https://instagram.example.com/suc476,2025-06-21
711,477,2,https://instagram.example.com/suc477,2025-12-06
712,478,5,https://web.example.com/suc478,2024-05-12
713,478,4,https://linkedin.example.com/suc478,2024-05-12
714,478,3,https://x.example.com/suc478,2024-05-12
715,479,2,https://instagram.example.com/suc479,2025-12-26
716,480,3,https://x.example.com/suc480,2025-09-22
717,480,4,https://linkedin.example.com/suc480,2025-09-22
718,480,1,https://facebook.example.com/suc480,2025-09-22
719,481,2,https://instagram.example.com/suc481,2024-10-15
720,481,1,https://facebook.example.com/suc481,2024-10-15
721,484,1,https://facebook.example.com/suc484,2026-03-13
722,484,4,https://linkedin.example.com/suc484,2026-03-13
723,484,2,https://instagram.example.com/suc484,2026-03-13
724,486,1,https://facebook.example.com/suc486,2026-05-12
725,487,2,https://instagram.example.com/suc487,2025-12-27
726,489,4,https://linkedin.example.com/suc489,2026-03-29
727,489,5,https://web.example.com/suc489,2026-03-29
728,490,3,https://x.example.com/suc490,2024-05-26
729,491,1,https://facebook.example.com/suc491,2024-11-14
730,491,5,https://web.example.com/suc491,2024-11-14
731,491,3,https://x.example.com/suc491,2024-11-14
732,492,4,https://linkedin.example.com/suc492,2024-01-24
733,492,1,https://facebook.example.com/suc492,2024-01-24
734,494,5,https://web.example.com/suc494,2024-12-24
735,494,2,https://instagram.example.com/suc494,2024-12-24
736,496,4,https://linkedin.example.com/suc496,2025-03-12
737,496,2,https://instagram.example.com/suc496,2025-03-12
738,497,3,https://x.example.com/suc497,2025-06-30
739,497,5,https://web.example.com/suc497,2025-06-30
740,498,1,https://facebook.example.com/suc498,2025-10-21
741,499,4,https://linkedin.example.com/suc499,2024-07-06
742,500,3,https://x.example.com/suc500,2024-06-23
743,501,5,https://web.example.com/suc501,2024-03-13
744,501,4,https://linkedin.example.com/suc501,2024-03-13
745,501,2,https://instagram.example.com/suc501,2024-03-13
746,502,1,https://facebook.example.com/suc502,2025-05-08
747,503,4,https://linkedin.example.com/suc503,2024-12-16
748,504,4,https://linkedin.example.com/suc504,2025-08-29
749,504,3,https://x.example.com/suc504,2025-08-29
750,505,5,https://web.example.com/suc505,2024-04-21
751,505,2,https://instagram.example.com/suc505,2024-04-21
752,505,4,https://linkedin.example.com/suc505,2024-04-21
753,507,4,https://linkedin.example.com/suc507,2026-06-17
754,508,5,https://web.example.com/suc508,2025-06-06
755,508,1,https://facebook.example.com/suc508,2025-06-06
756,508,2,https://instagram.example.com/suc508,2025-06-06
757,509,1,https://facebook.example.com/suc509,2025-01-02
758,510,2,https://instagram.example.com/suc510,2025-01-25
759,511,4,https://linkedin.example.com/suc511,2026-05-10
760,512,3,https://x.example.com/suc512,2025-11-04
761,512,5,https://web.example.com/suc512,2025-11-04
762,513,1,https://facebook.example.com/suc513,2025-09-30
763,515,4,https://linkedin.example.com/suc515,2025-05-09
764,516,1,https://facebook.example.com/suc516,2026-05-29
765,516,2,https://instagram.example.com/suc516,2026-05-29
766,517,4,https://linkedin.example.com/suc517,2025-11-15
767,518,5,https://web.example.com/suc518,2025-04-25
768,518,2,https://instagram.example.com/suc518,2025-04-25
769,520,4,https://linkedin.example.com/suc520,2026-01-25
770,521,3,https://x.example.com/suc521,2024-10-14
771,522,1,https://facebook.example.com/suc522,2025-01-13
772,522,3,https://x.example.com/suc522,2025-01-13
773,523,5,https://web.example.com/suc523,2024-05-28
774,523,4,https://linkedin.example.com/suc523,2024-05-28
775,524,3,https://x.example.com/suc524,2024-08-03
776,524,2,https://instagram.example.com/suc524,2024-08-03
777,524,5,https://web.example.com/suc524,2024-08-03
778,525,5,https://web.example.com/suc525,2024-11-04
779,525,4,https://linkedin.example.com/suc525,2024-11-04
780,526,2,https://instagram.example.com/suc526,2024-01-13
781,527,4,https://linkedin.example.com/suc527,2025-10-14
782,528,1,https://facebook.example.com/suc528,2026-02-06
783,528,5,https://web.example.com/suc528,2026-02-06
784,529,1,https://facebook.example.com/suc529,2024-01-09
785,530,1,https://facebook.example.com/suc530,2024-09-14
786,531,1,https://facebook.example.com/suc531,2025-09-05
787,532,4,https://linkedin.example.com/suc532,2024-07-08
788,533,1,https://facebook.example.com/suc533,2026-02-26
789,533,5,https://web.example.com/suc533,2026-02-26
790,533,2,https://instagram.example.com/suc533,2026-02-26
791,534,5,https://web.example.com/suc534,2026-04-12
792,535,5,https://web.example.com/suc535,2024-04-21
793,536,1,https://facebook.example.com/suc536,2024-03-15
794,537,4,https://linkedin.example.com/suc537,2024-02-08
795,538,3,https://x.example.com/suc538,2026-02-28
796,538,5,https://web.example.com/suc538,2026-02-28
797,538,4,https://linkedin.example.com/suc538,2026-02-28
798,539,5,https://web.example.com/suc539,2025-01-28
799,539,2,https://instagram.example.com/suc539,2025-01-28
800,539,1,https://facebook.example.com/suc539,2025-01-28
801,540,2,https://instagram.example.com/suc540,2024-04-02
802,541,3,https://x.example.com/suc541,2025-01-28
803,541,5,https://web.example.com/suc541,2025-01-28
804,542,2,https://instagram.example.com/suc542,2024-07-13
805,543,2,https://instagram.example.com/suc543,2025-10-20
806,543,5,https://web.example.com/suc543,2025-10-20
807,543,3,https://x.example.com/suc543,2025-10-20
808,544,4,https://linkedin.example.com/suc544,2026-03-17
809,544,1,https://facebook.example.com/suc544,2026-03-17
810,545,2,https://instagram.example.com/suc545,2026-06-14
811,546,1,https://facebook.example.com/suc546,2025-09-25
812,547,1,https://facebook.example.com/suc547,2026-05-05
813,547,3,https://x.example.com/suc547,2026-05-05
814,547,4,https://linkedin.example.com/suc547,2026-05-05
815,548,1,https://facebook.example.com/suc548,2024-12-11
816,549,3,https://x.example.com/suc549,2024-02-16
817,549,1,https://facebook.example.com/suc549,2024-02-16
818,551,2,https://instagram.example.com/suc551,2026-06-19
819,553,2,https://instagram.example.com/suc553,2025-09-17
820,553,3,https://x.example.com/suc553,2025-09-17
821,554,2,https://instagram.example.com/suc554,2025-07-25
822,554,3,https://x.example.com/suc554,2025-07-25
823,555,4,https://linkedin.example.com/suc555,2025-04-20
824,556,3,https://x.example.com/suc556,2025-05-24
825,556,5,https://web.example.com/suc556,2025-05-24
826,557,4,https://linkedin.example.com/suc557,2025-04-09
827,557,3,https://x.example.com/suc557,2025-04-09
828,558,2,https://instagram.example.com/suc558,2025-03-31
829,558,1,https://facebook.example.com/suc558,2025-03-31
830,559,1,https://facebook.example.com/suc559,2024-08-21
831,559,2,https://instagram.example.com/suc559,2024-08-21
832,560,3,https://x.example.com/suc560,2026-06-30
833,561,2,https://instagram.example.com/suc561,2025-01-02
834,561,4,https://linkedin.example.com/suc561,2025-01-02
835,562,5,https://web.example.com/suc562,2025-04-14
836,563,5,https://web.example.com/suc563,2024-06-23
837,563,4,https://linkedin.example.com/suc563,2024-06-23
838,564,1,https://facebook.example.com/suc564,2026-05-07
839,565,2,https://instagram.example.com/suc565,2025-08-28
840,565,1,https://facebook.example.com/suc565,2025-08-28
841,566,5,https://web.example.com/suc566,2025-06-27
842,566,2,https://instagram.example.com/suc566,2025-06-27
843,566,1,https://facebook.example.com/suc566,2025-06-27
844,567,1,https://facebook.example.com/suc567,2024-08-11
845,568,1,https://facebook.example.com/suc568,2025-04-15
846,569,4,https://linkedin.example.com/suc569,2025-01-14
847,570,4,https://linkedin.example.com/suc570,2025-09-19
848,571,5,https://web.example.com/suc571,2025-11-21
849,572,2,https://instagram.example.com/suc572,2025-12-22
850,572,4,https://linkedin.example.com/suc572,2025-12-22
851,573,4,https://linkedin.example.com/suc573,2025-08-17
852,574,3,https://x.example.com/suc574,2025-05-28
853,574,5,https://web.example.com/suc574,2025-05-28
854,575,3,https://x.example.com/suc575,2026-03-30
855,575,1,https://facebook.example.com/suc575,2026-03-30
856,576,2,https://instagram.example.com/suc576,2024-04-21
857,576,5,https://web.example.com/suc576,2024-04-21
858,576,3,https://x.example.com/suc576,2024-04-21
859,577,2,https://instagram.example.com/suc577,2025-11-29
860,577,4,https://linkedin.example.com/suc577,2025-11-29
861,578,4,https://linkedin.example.com/suc578,2026-06-11
862,578,3,https://x.example.com/suc578,2026-06-11
863,579,5,https://web.example.com/suc579,2025-12-14
864,579,4,https://linkedin.example.com/suc579,2025-12-14
865,580,2,https://instagram.example.com/suc580,2024-08-20
866,580,1,https://facebook.example.com/suc580,2024-08-20
867,581,4,https://linkedin.example.com/suc581,2024-06-13
868,581,3,https://x.example.com/suc581,2024-06-13
869,581,5,https://web.example.com/suc581,2024-06-13
870,582,5,https://web.example.com/suc582,2024-08-31
871,583,2,https://instagram.example.com/suc583,2025-11-12
872,583,4,https://linkedin.example.com/suc583,2025-11-12
873,584,1,https://facebook.example.com/suc584,2025-02-18
874,585,3,https://x.example.com/suc585,2024-10-29
875,586,1,https://facebook.example.com/suc586,2025-05-05
876,586,3,https://x.example.com/suc586,2025-05-05
877,587,3,https://x.example.com/suc587,2024-02-26
878,588,5,https://web.example.com/suc588,2025-04-01
879,588,1,https://facebook.example.com/suc588,2025-04-01
880,588,3,https://x.example.com/suc588,2025-04-01
881,589,3,https://x.example.com/suc589,2025-11-13
882,590,4,https://linkedin.example.com/suc590,2024-11-11
883,590,1,https://facebook.example.com/suc590,2024-11-11
884,591,3,https://x.example.com/suc591,2024-06-16
885,591,5,https://web.example.com/suc591,2024-06-16
886,591,4,https://linkedin.example.com/suc591,2024-06-16
887,593,1,https://facebook.example.com/suc593,2026-02-12
888,593,4,https://linkedin.example.com/suc593,2026-02-12
889,594,4,https://linkedin.example.com/suc594,2025-08-22
890,594,5,https://web.example.com/suc594,2025-08-22
891,594,1,https://facebook.example.com/suc594,2025-08-22
892,595,5,https://web.example.com/suc595,2025-10-13
893,596,1,https://facebook.example.com/suc596,2024-10-10
894,596,3,https://x.example.com/suc596,2024-10-10
895,598,2,https://instagram.example.com/suc598,2025-04-17
896,598,5,https://web.example.com/suc598,2025-04-17
897,598,1,https://facebook.example.com/suc598,2025-04-17
898,600,1,https://facebook.example.com/suc600,2025-07-10
899,600,5,https://web.example.com/suc600,2025-07-10
900,601,1,https://facebook.example.com/suc601,2024-05-27
901,602,5,https://web.example.com/suc602,2024-08-11
902,603,2,https://instagram.example.com/suc603,2026-05-16
903,604,1,https://facebook.example.com/suc604,2025-12-08
904,604,3,https://x.example.com/suc604,2025-12-08
905,605,3,https://x.example.com/suc605,2026-04-14
906,605,2,https://instagram.example.com/suc605,2026-04-14
907,606,5,https://web.example.com/suc606,2024-03-21
908,606,3,https://x.example.com/suc606,2024-03-21
909,606,4,https://linkedin.example.com/suc606,2024-03-21
910,608,4,https://linkedin.example.com/suc608,2024-04-08
911,608,1,https://facebook.example.com/suc608,2024-04-08
912,610,5,https://web.example.com/suc610,2024-04-11
913,610,2,https://instagram.example.com/suc610,2024-04-11
914,611,1,https://facebook.example.com/suc611,2026-01-12
915,611,2,https://instagram.example.com/suc611,2026-01-12
916,612,3,https://x.example.com/suc612,2024-04-19
917,613,5,https://web.example.com/suc613,2025-04-22
918,613,4,https://linkedin.example.com/suc613,2025-04-22
919,614,1,https://facebook.example.com/suc614,2025-05-20
920,615,5,https://web.example.com/suc615,2025-02-21
921,616,3,https://x.example.com/suc616,2024-01-14
922,617,1,https://facebook.example.com/suc617,2025-12-12
923,618,4,https://linkedin.example.com/suc618,2024-05-05
924,618,1,https://facebook.example.com/suc618,2024-05-05
925,621,2,https://instagram.example.com/suc621,2025-01-26
926,621,3,https://x.example.com/suc621,2025-01-26
927,622,1,https://facebook.example.com/suc622,2024-07-25
928,622,2,https://instagram.example.com/suc622,2024-07-25
929,623,2,https://instagram.example.com/suc623,2026-02-21
930,623,3,https://x.example.com/suc623,2026-02-21
931,624,2,https://instagram.example.com/suc624,2025-07-24
932,625,2,https://instagram.example.com/suc625,2025-11-22
933,626,2,https://instagram.example.com/suc626,2025-05-21
934,626,3,https://x.example.com/suc626,2025-05-21
935,628,2,https://instagram.example.com/suc628,2024-09-10
936,628,3,https://x.example.com/suc628,2024-09-10
937,629,3,https://x.example.com/suc629,2024-02-08
938,630,2,https://instagram.example.com/suc630,2025-08-07
939,631,2,https://instagram.example.com/suc631,2026-02-22
940,632,3,https://x.example.com/suc632,2026-05-20
941,633,4,https://linkedin.example.com/suc633,2024-04-04
942,634,4,https://linkedin.example.com/suc634,2024-12-21
943,635,3,https://x.example.com/suc635,2025-10-01
944,636,5,https://web.example.com/suc636,2025-11-07
945,637,2,https://instagram.example.com/suc637,2026-01-14
946,639,4,https://linkedin.example.com/suc639,2024-08-29
947,639,2,https://instagram.example.com/suc639,2024-08-29
948,640,2,https://instagram.example.com/suc640,2025-03-22
949,640,4,https://linkedin.example.com/suc640,2025-03-22
950,641,3,https://x.example.com/suc641,2024-06-29
951,642,5,https://web.example.com/suc642,2024-03-06
952,643,3,https://x.example.com/suc643,2024-05-03
953,643,1,https://facebook.example.com/suc643,2024-05-03
954,644,2,https://instagram.example.com/suc644,2024-12-03
955,644,3,https://x.example.com/suc644,2024-12-03
956,645,3,https://x.example.com/suc645,2026-06-02
957,648,2,https://instagram.example.com/suc648,2025-07-01
958,648,4,https://linkedin.example.com/suc648,2025-07-01
959,649,5,https://web.example.com/suc649,2026-02-13
960,650,5,https://web.example.com/suc650,2024-02-04
961,651,5,https://web.example.com/suc651,2026-04-19
962,652,3,https://x.example.com/suc652,2025-04-09
963,652,1,https://facebook.example.com/suc652,2025-04-09
964,652,5,https://web.example.com/suc652,2025-04-09
965,653,1,https://facebook.example.com/suc653,2024-07-23
966,654,4,https://linkedin.example.com/suc654,2025-10-26
967,655,1,https://facebook.example.com/suc655,2025-08-30
968,656,3,https://x.example.com/suc656,2025-08-07
969,657,4,https://linkedin.example.com/suc657,2024-09-25
970,658,1,https://facebook.example.com/suc658,2025-08-03
971,658,4,https://linkedin.example.com/suc658,2025-08-03
972,659,4,https://linkedin.example.com/suc659,2025-12-31
973,659,5,https://web.example.com/suc659,2025-12-31
974,660,4,https://linkedin.example.com/suc660,2026-04-23
975,660,2,https://instagram.example.com/suc660,2026-04-23
976,661,3,https://x.example.com/suc661,2025-04-06
977,662,4,https://linkedin.example.com/suc662,2024-08-05
978,662,5,https://web.example.com/suc662,2024-08-05
979,663,2,https://instagram.example.com/suc663,2024-12-28
980,664,5,https://web.example.com/suc664,2025-07-26
981,664,1,https://facebook.example.com/suc664,2025-07-26
982,665,3,https://x.example.com/suc665,2024-11-20
983,666,4,https://linkedin.example.com/suc666,2024-10-14
984,666,1,https://facebook.example.com/suc666,2024-10-14
985,666,5,https://web.example.com/suc666,2024-10-14
986,667,3,https://x.example.com/suc667,2024-11-19
987,667,2,https://instagram.example.com/suc667,2024-11-19
988,668,5,https://web.example.com/suc668,2025-03-22
989,668,2,https://instagram.example.com/suc668,2025-03-22
990,668,1,https://facebook.example.com/suc668,2025-03-22
991,669,1,https://facebook.example.com/suc669,2026-01-07
992,669,5,https://web.example.com/suc669,2026-01-07
993,670,2,https://instagram.example.com/suc670,2024-10-06
994,671,4,https://linkedin.example.com/suc671,2026-02-25
995,671,5,https://web.example.com/suc671,2026-02-25
996,672,1,https://facebook.example.com/suc672,2024-04-18
997,673,2,https://instagram.example.com/suc673,2025-08-31
998,673,5,https://web.example.com/suc673,2025-08-31
999,674,1,https://facebook.example.com/suc674,2025-08-05
1000,675,2,https://instagram.example.com/suc675,2024-04-04
1001,676,2,https://instagram.example.com/suc676,2026-03-09
1002,677,5,https://web.example.com/suc677,2025-12-02
1003,678,3,https://x.example.com/suc678,2025-05-02
1004,678,1,https://facebook.example.com/suc678,2025-05-02
1005,679,3,https://x.example.com/suc679,2025-06-09
1006,681,4,https://linkedin.example.com/suc681,2026-05-11
1007,681,2,https://instagram.example.com/suc681,2026-05-11
1008,682,4,https://linkedin.example.com/suc682,2024-04-06
1009,682,5,https://web.example.com/suc682,2024-04-06
1010,682,3,https://x.example.com/suc682,2024-04-06
1011,683,1,https://facebook.example.com/suc683,2025-04-18
1012,684,3,https://x.example.com/suc684,2026-02-14
1013,685,2,https://instagram.example.com/suc685,2026-06-11
1014,685,4,https://linkedin.example.com/suc685,2026-06-11
1015,686,3,https://x.example.com/suc686,2025-02-18
1016,686,4,https://linkedin.example.com/suc686,2025-02-18
1017,687,5,https://web.example.com/suc687,2025-11-22
1018,687,1,https://facebook.example.com/suc687,2025-11-22
1019,688,5,https://web.example.com/suc688,2024-08-02
1020,690,2,https://instagram.example.com/suc690,2025-04-27
1021,690,5,https://web.example.com/suc690,2025-04-27
1022,690,4,https://linkedin.example.com/suc690,2025-04-27
1023,691,5,https://web.example.com/suc691,2025-12-31
1024,692,5,https://web.example.com/suc692,2025-05-12
1025,692,4,https://linkedin.example.com/suc692,2025-05-12
1026,693,2,https://instagram.example.com/suc693,2024-10-01
1027,693,5,https://web.example.com/suc693,2024-10-01
1028,693,4,https://linkedin.example.com/suc693,2024-10-01
1029,694,2,https://instagram.example.com/suc694,2024-10-21
1030,695,1,https://facebook.example.com/suc695,2026-05-23
1031,696,2,https://instagram.example.com/suc696,2025-04-28
1032,697,3,https://x.example.com/suc697,2025-09-12
1033,698,4,https://linkedin.example.com/suc698,2024-09-24
1034,700,4,https://linkedin.example.com/suc700,2024-06-03
1035,700,2,https://instagram.example.com/suc700,2024-06-03
1036,700,1,https://facebook.example.com/suc700,2024-06-03
1037,701,5,https://web.example.com/suc701,2024-04-23
1038,702,4,https://linkedin.example.com/suc702,2026-01-15
1039,702,1,https://facebook.example.com/suc702,2026-01-15
1040,703,1,https://facebook.example.com/suc703,2024-05-05
1041,704,4,https://linkedin.example.com/suc704,2024-06-24
1042,704,1,https://facebook.example.com/suc704,2024-06-24
1043,705,2,https://instagram.example.com/suc705,2025-06-26
1044,706,4,https://linkedin.example.com/suc706,2026-03-24
1045,706,5,https://web.example.com/suc706,2026-03-24
1046,708,4,https://linkedin.example.com/suc708,2025-08-11
1047,708,5,https://web.example.com/suc708,2025-08-11
1048,709,3,https://x.example.com/suc709,2024-11-17
1049,709,4,https://linkedin.example.com/suc709,2024-11-17
1050,710,1,https://facebook.example.com/suc710,2025-07-11
1051,711,4,https://linkedin.example.com/suc711,2025-07-04
1052,711,3,https://x.example.com/suc711,2025-07-04
1053,712,3,https://x.example.com/suc712,2026-02-14
1054,712,5,https://web.example.com/suc712,2026-02-14
1055,714,4,https://linkedin.example.com/suc714,2025-04-04
1056,715,4,https://linkedin.example.com/suc715,2025-10-04
1057,715,1,https://facebook.example.com/suc715,2025-10-04
1058,716,3,https://x.example.com/suc716,2024-09-10
1059,717,5,https://web.example.com/suc717,2026-04-28
1060,717,3,https://x.example.com/suc717,2026-04-28
1061,717,1,https://facebook.example.com/suc717,2026-04-28
1062,718,5,https://web.example.com/suc718,2025-06-22
1063,718,4,https://linkedin.example.com/suc718,2025-06-22
1064,719,4,https://linkedin.example.com/suc719,2025-12-06
1065,720,1,https://facebook.example.com/suc720,2024-04-30
1066,721,4,https://linkedin.example.com/suc721,2025-09-08
1067,721,3,https://x.example.com/suc721,2025-09-08
1068,721,1,https://facebook.example.com/suc721,2025-09-08
1069,722,3,https://x.example.com/suc722,2024-10-28
1070,722,5,https://web.example.com/suc722,2024-10-28
1071,722,2,https://instagram.example.com/suc722,2024-10-28
1072,723,3,https://x.example.com/suc723,2024-08-08
1073,724,1,https://facebook.example.com/suc724,2024-12-11
1074,724,3,https://x.example.com/suc724,2024-12-11
1075,725,3,https://x.example.com/suc725,2026-06-06
1076,726,4,https://linkedin.example.com/suc726,2025-07-07
1077,727,1,https://facebook.example.com/suc727,2025-12-25
1078,728,3,https://x.example.com/suc728,2025-08-06
1079,728,1,https://facebook.example.com/suc728,2025-08-06
1080,729,4,https://linkedin.example.com/suc729,2026-03-16
1081,729,2,https://instagram.example.com/suc729,2026-03-16
1082,730,5,https://web.example.com/suc730,2024-01-24
1083,732,4,https://linkedin.example.com/suc732,2024-06-22
1084,732,5,https://web.example.com/suc732,2024-06-22
1085,733,3,https://x.example.com/suc733,2024-11-27
1086,733,4,https://linkedin.example.com/suc733,2024-11-27
1087,733,5,https://web.example.com/suc733,2024-11-27
1088,734,5,https://web.example.com/suc734,2025-05-31
1089,734,4,https://linkedin.example.com/suc734,2025-05-31
1090,736,1,https://facebook.example.com/suc736,2024-03-26
1091,737,1,https://facebook.example.com/suc737,2025-03-09
1092,738,1,https://facebook.example.com/suc738,2024-06-20
1093,739,3,https://x.example.com/suc739,2024-08-05
1094,740,1,https://facebook.example.com/suc740,2024-05-05
1095,741,3,https://x.example.com/suc741,2024-12-16
1096,742,1,https://facebook.example.com/suc742,2025-12-09
1097,742,4,https://linkedin.example.com/suc742,2025-12-09
1098,743,2,https://instagram.example.com/suc743,2026-02-19
1099,743,3,https://x.example.com/suc743,2026-02-19
1100,743,5,https://web.example.com/suc743,2026-02-19
1101,744,5,https://web.example.com/suc744,2025-03-31
1102,744,2,https://instagram.example.com/suc744,2025-03-31
1103,745,1,https://facebook.example.com/suc745,2025-12-14
1104,745,3,https://x.example.com/suc745,2025-12-14
1105,746,2,https://instagram.example.com/suc746,2025-12-27
1106,746,4,https://linkedin.example.com/suc746,2025-12-27
1107,747,2,https://instagram.example.com/suc747,2025-01-06
1108,748,1,https://facebook.example.com/suc748,2024-10-11
1109,749,2,https://instagram.example.com/suc749,2024-06-28
1110,749,3,https://x.example.com/suc749,2024-06-28
1111,750,4,https://linkedin.example.com/suc750,2026-01-16
1112,751,4,https://linkedin.example.com/suc751,2025-10-18
1113,752,3,https://x.example.com/suc752,2026-06-24
1114,752,5,https://web.example.com/suc752,2026-06-24
1115,753,3,https://x.example.com/suc753,2026-06-20
1116,755,3,https://x.example.com/suc755,2024-09-13
1117,756,5,https://web.example.com/suc756,2024-03-15
1118,757,5,https://web.example.com/suc757,2024-02-04
1119,758,5,https://web.example.com/suc758,2025-03-18
1120,758,4,https://linkedin.example.com/suc758,2025-03-18
1121,759,3,https://x.example.com/suc759,2024-08-26
1122,759,4,https://linkedin.example.com/suc759,2024-08-26
1123,760,5,https://web.example.com/suc760,2025-11-22
1124,762,3,https://x.example.com/suc762,2024-09-05
1125,763,2,https://instagram.example.com/suc763,2025-08-20
1126,763,4,https://linkedin.example.com/suc763,2025-08-20
1127,764,4,https://linkedin.example.com/suc764,2025-11-04
1128,764,2,https://instagram.example.com/suc764,2025-11-04
1129,764,3,https://x.example.com/suc764,2025-11-04
1130,765,4,https://linkedin.example.com/suc765,2024-07-24
1131,765,3,https://x.example.com/suc765,2024-07-24
1132,766,5,https://web.example.com/suc766,2024-12-05
1133,767,4,https://linkedin.example.com/suc767,2024-01-04
1134,767,3,https://x.example.com/suc767,2024-01-04
1135,767,1,https://facebook.example.com/suc767,2024-01-04
1136,768,5,https://web.example.com/suc768,2026-04-06
1137,769,3,https://x.example.com/suc769,2024-04-27
1138,770,4,https://linkedin.example.com/suc770,2024-07-21
1139,770,5,https://web.example.com/suc770,2024-07-21
1140,772,2,https://instagram.example.com/suc772,2024-08-03
1141,772,3,https://x.example.com/suc772,2024-08-03
1142,773,4,https://linkedin.example.com/suc773,2025-09-30
1143,773,1,https://facebook.example.com/suc773,2025-09-30
1144,774,3,https://x.example.com/suc774,2025-09-05
1145,774,4,https://linkedin.example.com/suc774,2025-09-05
1146,775,4,https://linkedin.example.com/suc775,2024-09-10
1147,775,2,https://instagram.example.com/suc775,2024-09-10
1148,775,5,https://web.example.com/suc775,2024-09-10
1149,776,1,https://facebook.example.com/suc776,2025-04-26
1150,776,5,https://web.example.com/suc776,2025-04-26
1151,777,2,https://instagram.example.com/suc777,2025-04-20
1152,778,5,https://web.example.com/suc778,2025-10-15
1153,778,3,https://x.example.com/suc778,2025-10-15
1154,778,1,https://facebook.example.com/suc778,2025-10-15
1155,779,4,https://linkedin.example.com/suc779,2025-08-08
1156,779,5,https://web.example.com/suc779,2025-08-08
1157,779,2,https://instagram.example.com/suc779,2025-08-08
1158,780,4,https://linkedin.example.com/suc780,2025-04-21
1159,780,3,https://x.example.com/suc780,2025-04-21
1160,781,3,https://x.example.com/suc781,2024-01-26
1161,782,3,https://x.example.com/suc782,2025-07-13
1162,782,4,https://linkedin.example.com/suc782,2025-07-13
1163,783,4,https://linkedin.example.com/suc783,2025-11-22
1164,784,4,https://linkedin.example.com/suc784,2024-05-21
1165,785,4,https://linkedin.example.com/suc785,2025-02-19
1166,786,2,https://instagram.example.com/suc786,2024-08-20
1167,787,1,https://facebook.example.com/suc787,2026-03-21
1168,788,3,https://x.example.com/suc788,2024-01-31
1169,788,4,https://linkedin.example.com/suc788,2024-01-31
1170,789,1,https://facebook.example.com/suc789,2025-03-05
1171,789,4,https://linkedin.example.com/suc789,2025-03-05
1172,790,4,https://linkedin.example.com/suc790,2024-12-04
1173,790,5,https://web.example.com/suc790,2024-12-04
1174,791,1,https://facebook.example.com/suc791,2025-04-07
1175,792,2,https://instagram.example.com/suc792,2024-01-28
1176,792,1,https://facebook.example.com/suc792,2024-01-28
1177,793,4,https://linkedin.example.com/suc793,2025-01-12
1178,793,1,https://facebook.example.com/suc793,2025-01-12
1179,794,2,https://instagram.example.com/suc794,2026-01-30
1180,795,4,https://linkedin.example.com/suc795,2025-08-11
1181,796,3,https://x.example.com/suc796,2024-03-06
1182,796,1,https://facebook.example.com/suc796,2024-03-06
1183,797,4,https://linkedin.example.com/suc797,2026-01-24
1184,797,2,https://instagram.example.com/suc797,2026-01-24
1185,798,2,https://instagram.example.com/suc798,2026-05-20
1186,798,4,https://linkedin.example.com/suc798,2026-05-20
1187,798,5,https://web.example.com/suc798,2026-05-20
1188,799,2,https://instagram.example.com/suc799,2025-08-05
1189,799,5,https://web.example.com/suc799,2025-08-05
1190,800,2,https://instagram.example.com/suc800,2025-12-15
